id,code,name,hex
150,150,Dusty Rose Ult Vy Dk,#ab0249
151,151,Dusty Rose Vry Lt,#f0ced4
152,152,Shell Pink Med Light,#e2a099
153,153,Violet Very Light,#e6ccd9
154,154,Grape Very Dark,#572433
155,155,Blue Violet Med Dark,#9891b6
156,156,Blue Violet Med Lt,#a3aed1
157,157,Cornflower Blue Vy Lt,#bbc3d9
158,158,Cornflower Blu M V D,#4c526e
159,159,Blue Gray Light,#c7cad7
160,160,Blue Gray Medium,#999fb7
161,161,Blue Gray,#7880a4
162,162,Blue Ultra Very Light,#dbecf5
163,163,Celadon Green Md,#4d8361
164,164,Forest Green Lt,#c8d8b8
165,165,Moss Green Vy Lt,#eff4a4
166,166,Moss Green Md Lt,#c0c840
167,167,Yellow Beige V Dk,#a77c49
168,168,Pewter Very Light,#d1d1d1
169,169,Pewter Light,#848484
208,208,Lavender Very Dark,#835b8b
209,209,Lavender Dark,#a37ba7
210,210,Lavender Medium,#c39fc3
211,211,Lavender Light,#e3cbe3
221,221,Shell Pink Vy Dk,#883e43
223,223,Shell Pink Light,#cc847c
224,224,Shell Pink Very Light,#ebb7af
225,225,Shell Pink Ult Vy Lt,#ffdfd5
300,300,Mahogany Vy Dk,#6f2f00
301,301,Mahogany Med,#b35f2b
304,304,Red Medium,#b71f33
307,307,Lemon,#fded54
309,309,Rose Dark,#d62b5b
310,310,Black,#000000
311,311,Wedgewood Ult VyDk,#1c5066
312,312,Baby Blue Very Dark,#35668b
315,315,Antique Mauve Md Dk,#814952
316,316,Antique Mauve Med,#b7737f
317,317,Pewter Gray,#6c6c6c
318,318,Steel Gray Lt,#ababab
319,319,Pistachio Grn Vy Dk,#205f2e
320,320,Pistachio Green Med,#69885a
321,321,Red,#c72b3b
322,322,Baby Blue Dark,#5a8fb8
326,326,Rose Very Dark,#b33b4b
327,327,Violet Dark,#633666
333,333,Blue Violet Very Dark,#5c5478
334,334,Baby Blue Medium,#739fc1
335,335,Rose,#ee546e
336,336,Navy Blue,#253b73
340,340,Blue Violet Medium,#ada7c7
341,341,Blue Violet Light,#b7bfdd
347,347,Salmon Very Dark,#bf2d2d
349,349,Coral Dark,#d21035
350,350,Coral Medium,#e04848
351,351,Coral,#e96a67
352,352,Coral Light,#fd9c97
353,353,Peach,#fed7cc
355,355,Terra Cotta Dark,#984436
356,356,Terra Cotta Med,#c56a5b
367,367,Pistachio Green Dk,#617a52
368,368,Pistachio Green Lt,#a6c298
369,369,Pistachio Green Vy Lt,#d7edcc
370,370,Mustard Medium,#b89d64
371,371,Mustard,#bfa671
372,372,Mustard Lt,#ccb784
400,400,Mahogany Dark,#8f430f
402,402,Mahogany Vy Lt,#f7a777
407,407,Desert Sand Med,#bb8161
413,413,Pewter Gray Dark,#565656
414,414,Steel Gray Dk,#8c8c8c
415,415,Pearl Gray,#d3d3d6
420,420,Hazelnut Brown Dk,#a07042
422,422,Hazelnut Brown Lt,#c69f7b
433,433,Brown Med,#7a451f
434,434,Brown Light,#985e33
435,435,Brown Very Light,#b87748
436,436,Tan,#cb9051
437,437,Tan Light,#e4bb8e
444,444,Lemon Dark,#ffd600
445,445,Lemon Light,#fffb8b
451,451,Shell Gray Dark,#917b73
452,452,Shell Gray Med,#c0b3ae
453,453,Shell Gray Light,#d7cecb
469,469,Avocado Green,#72843c
470,470,Avocado Grn Lt,#94ab4f
471,471,Avocado Grn V Lt,#aebf79
472,472,Avocado Grn U Lt,#d8e498
498,498,Red Dark,#a7132b
500,500,Blue Green Vy Dk,#044d33
501,501,Blue Green Dark,#396f52
502,502,Blue Green,#5b9071
503,503,Blue Green Med,#7bac94
504,504,Blue Green Vy Lt,#c4decc
505,505,Jade Green,#338362
517,517,Wedgewood Dark,#3b768f
518,518,Wedgewood Light,#4f93a7
519,519,Sky Blue,#7eb1c8
520,520,Fern Green Dark,#666d4f
522,522,Fern Green,#969e7e
523,523,Fern Green Lt,#abb197
524,524,Fern Green Vy Lt,#c4cdac
535,535,Ash Gray Vy Lt,#636458
543,543,Beige Brown Ult Vy Lt,#f2e3ce
550,550,Violet Very Dark,#5c184e
552,552,Violet  Medium,#803a6b
553,553,Violet,#a3638b
554,554,Violet Light,#dbb3cb
561,561,Celadon Green VD,#2c6a45
562,562,Jade Medium,#53976a
563,563,Jade Light,#8fc098
564,564,Jade Very Light,#a7cdaf
580,580,Moss Green Dk,#888d33
581,581,Moss Green,#a7ae38
597,597,Turquoise,#5ba3b3
598,598,Turquoise Light,#90c3cc
600,600,Cranberry Very Dark,#cd2f63
601,601,Cranberry Dark,#d1286a
602,602,Cranberry Medium,#e24874
603,603,Cranberry,#ffa4be
604,604,Cranberry Light,#ffb0be
605,605,Cranberry Very Light,#ffc0cd
606,606,Orange?Red Bright,#fa3203
608,608,Burnt Orange Bright,#fd5d35
610,610,Drab Brown Dk,#796047
611,611,Drab Brown,#967656
612,612,Drab Brown Lt,#bc9a78
613,613,Drab Brown V Lt,#dcc4aa
632,632,Desert Sand Ult Vy Dk,#875539
640,640,Beige Gray Vy Dk,#857b61
642,642,Beige Gray Dark,#a49878
644,644,Beige Gray Med,#ddd8cb
645,645,Beaver Gray Vy Dk,#6e655c
646,646,Beaver Gray Dk,#877d73
647,647,Beaver Gray Med,#b0a69c
648,648,Beaver Gray Lt,#bcb4ac
666,666,Bright Red,#e31d42
676,676,Old Gold Lt,#e5ce97
677,677,Old Gold Vy Lt,#f5eccb
680,680,Old Gold Dark,#bc8d0e
699,699,Green,#056517
700,700,Green Bright,#07731b
701,701,Green Light,#3f8f29
702,702,Kelly Green,#47a72f
703,703,Chartreuse,#7bb547
704,704,Chartreuse Bright,#9ecf34
712,712,Cream,#fffbef
718,718,Plum,#9c2462
720,720,Orange Spice Dark,#e55c1f
721,721,Orange Spice Med,#f27842
722,722,Orange Spice Light,#f7976f
725,725,Topaz Med Lt,#ffc840
726,726,Topaz Light,#fdd755
727,727,Topaz Vy Lt,#fff1af
728,728,Topaz,#e4b468
729,729,Old Gold Medium,#d0a53e
730,730,Olive Green V Dk,#827b30
731,731,Olive Green Dk,#938b37
732,732,Olive Green,#948c36
733,733,Olive Green Md,#bcb34c
734,734,Olive Green Lt,#c7c077
738,738,Tan Very Light,#eccc9e
739,739,Tan Ult Vy Lt,#f8e4c8
740,740,Tangerine,#ff8b00
741,741,Tangerine Med,#ffa32b
742,742,Tangerine Light,#ffbf57
743,743,Yellow Med,#fed376
744,744,Yellow Pale,#ffe793
745,745,Yellow Pale Light,#ffe9ad
746,746,Off White,#fcfcee
747,747,Peacock Blue Vy Lt,#e5fcfd
754,754,Peach Light,#f7cbbf
758,758,Terra Cotta Vy Lt,#eeaa9b
760,760,Salmon,#f5adad
761,761,Salmon Light,#ffc9c9
762,762,Pearl Gray Vy Lt,#ececec
772,772,Yellow Green Vy Lt,#e4ecd4
775,775,Baby Blue Very Light,#d9ebf1
777,777,Raspberry Very Dark,#913546
778,778,Antique Mauve Vy Lt,#dfb3bb
779,779,Cocoa Dark,#624b45
780,780,Topaz Ultra Vy Dk,#94631a
781,781,Topaz Very Dark,#a26d20
782,782,Topaz Dark,#ae7720
783,783,Topaz Medium,#ce9124
791,791,Cornflower Blue V D,#464563
792,792,Cornflower Blue Dark,#555b7b
793,793,Cornflower Blue Med,#707da2
794,794,Cornflower Blue Light,#8f9cc1
796,796,Royal Blue Dark,#11416d
797,797,Royal Blue,#13477d
798,798,Delft Blue Dark,#466a8e
799,799,Delft Blue Medium,#748eb6
800,800,Delft Blue Pale,#c0ccde
801,801,Coffee Brown Dk,#653919
803,803,Baby Blue Ult Vy Dk,#2c597c
806,806,Peacock Blue Dark,#3d95a5
807,807,Peacock Blue,#64abba
809,809,Delft Blue,#94a8c6
813,813,Blue Light,#a1c2d7
814,814,Garnet Dark,#7b001b
815,815,Garnet Medium,#87071f
816,816,Garnet,#970b23
817,817,Coral Red Very Dark,#bb051f
818,818,Baby Pink,#ffdfd9
819,819,Baby Pink Light,#ffeeeb
820,820,Royal Blue Very Dark,#0e365c
822,822,Beige Gray Light,#e7e2d3
823,823,Navy Blue Dark,#213063
824,824,Blue Very Dark,#396987
825,825,Blue Dark,#4781a5
826,826,Blue Medium,#6b9ebf
827,827,Blue Very Light,#bddded
828,828,Sky Blue Vy Lt,#c5e8ed
829,829,Golden Olive Vy Dk,#7e6b42
830,830,Golden Olive Dk,#8d784b
831,831,Golden Olive Md,#aa8f56
832,832,Golden Olive,#bd9b51
833,833,Golden Olive Lt,#c8ab6c
834,834,Golden Olive Vy Lt,#dbbe7f
838,838,Beige Brown Vy Dk,#594937
839,839,Beige Brown Dk,#675541
840,840,Beige Brown Med,#9a7c5c
841,841,Beige Brown Lt,#b69b7e
842,842,Beige Brown Vy Lt,#d1baa1
844,844,Beaver Gray Ult Dk,#484848
869,869,Hazelnut Brown V Dk,#835e39
890,890,Pistachio Grn Ult V D,#174923
891,891,Carnation Dark,#ff5773
892,892,Carnation Medium,#ff798c
893,893,Carnation Light,#fc90a2
894,894,Carnation Very Light,#ffb2bb
895,895,Hunter Green Vy Dk,#1b5300
898,898,Coffee Brown Vy Dk,#492a13
899,899,Rose Medium,#f27688
900,900,Burnt Orange Dark,#d15807
902,902,Garnet Very Dark,#822637
904,904,Parrot Green V Dk,#557822
905,905,Parrot Green Dk,#628a28
906,906,Parrot Green Md,#7fb335
907,907,Parrot Green Lt,#c7e666
909,909,Emerald Green Vy Dk,#156f49
910,910,Emerald Green Dark,#187e56
911,911,Emerald Green Med,#189065
912,912,Emerald Green Lt,#1b9d6b
913,913,Nile Green Med,#6dab77
915,915,Plum Dark,#820043
917,917,Plum Medium,#9b1359
918,918,Red?Copper Dark,#82340a
919,919,Red?Copper,#a64510
920,920,Copper Med,#ac5414
921,921,Copper,#c66218
922,922,Copper Light,#e27323
924,924,Gray Green Vy Dark,#566a6a
926,926,Gray Green Med,#98aeae
927,927,Gray Green Light,#bdcbcb
928,928,Gray Green Vy Lt,#dde3e3
930,930,Antique Blue Dark,#455c71
931,931,Antique Blue Medium,#6a859e
932,932,Antique Blue Light,#a2b5c6
934,934,Avocado Grn Black,#313919
935,935,Avocado Green Dk,#424d21
936,936,Avocado Grn V Dk,#4c5826
937,937,Avocado Green Md,#627133
938,938,Coffee Brown Ult Dk,#361f0e
939,939,Navy Blue Very Dark,#1b2853
943,943,Green Bright Md,#3d9384
945,945,Tawny,#fbd5bb
946,946,Burnt Orange Med,#eb6307
947,947,Burnt Orange,#ff7b4d
948,948,Peach Very Light,#fee7da
950,950,Desert Sand Light,#eed3c4
951,951,Tawny Light,#ffe2cf
954,954,Nile Green,#88ba91
955,955,Nile Green Light,#a2d6ad
956,956,Geranium,#ff9191
957,957,Geranium Pale,#fdb5b5
958,958,Sea Green Dark,#3eb6a1
959,959,Sea Green Med,#59c7b4
961,961,Dusty Rose Dark,#cf7373
962,962,Dusty Rose Medium,#e68a8a
963,963,Dusty Rose Ult Vy Lt,#ffd7d7
964,964,Sea Green Light,#a9e2d8
966,966,Jade Ultra Vy Lt,#b9d7c0
967,967,Apricot Very Light,#ffded5
970,970,Pumpkin Light,#f78b13
971,971,Pumpkin,#f67f00
972,972,Canary Deep,#ffb515
973,973,Canary Bright,#ffe300
975,975,Golden Brown Dk,#914f12
976,976,Golden Brown Med,#c28142
977,977,Golden Brown Light,#dc9c56
986,986,Forest Green Vy Dk,#405230
987,987,Forest Green Dk,#587141
988,988,Forest Green Med,#738b5b
989,989,Forest Green,#8da675
991,991,Aquamarine Dk,#477b6e
992,992,Aquamarine Lt,#6fae9f
993,993,Aquamarine Vy Lt,#90c0b4
995,995,Electric Blue Dark,#2696b6
996,996,Electric Blue Medium,#30c2ec
3011,3011,Khaki Green Dk,#898a58
3012,3012,Khaki Green Md,#a6a75d
3013,3013,Khaki Green Lt,#b9b982
3021,3021,Brown Gray Vy Dk,#4f4b41
3022,3022,Brown Gray Med,#8e9078
3023,3023,Brown Gray Light,#b1aa97
3024,3024,Brown Gray Vy Lt,#ebeae7
3031,3031,Mocha Brown Vy Dk,#4b3c2a
3032,3032,Mocha Brown Med,#b39f8b
3033,3033,Mocha Brown Vy Lt,#e3d8cc
3041,3041,Antique Violet Medium,#956f7c
3042,3042,Antique Violet Light,#b79da7
3045,3045,Yellow Beige Dk,#bc966a
3046,3046,Yellow Beige Md,#d8bc9a
3047,3047,Yellow Beige Lt,#e7d6c1
3051,3051,Green Gray Dk,#5f6648
3052,3052,Green Gray Md,#889268
3053,3053,Green Gray,#9ca482
3064,3064,Desert Sand,#c48e70
3072,3072,Beaver Gray Vy Lt,#e6e8e8
3078,3078,Golden Yellow Vy Lt,#fdf9cd
3325,3325,Baby Blue Light,#b8d2e6
3326,3326,Rose Light,#fbadb4
3328,3328,Salmon Dark,#e36d6d
3340,3340,Apricot Med,#ff836f
3341,3341,Apricot,#fcab98
3345,3345,Hunter Green Dk,#1b5915
3346,3346,Hunter Green,#406a3a
3347,3347,Yellow Green Med,#71935c
3348,3348,Yellow Green Lt,#ccd9b1
3350,3350,Dusty Rose Ultra Dark,#bc4365
3354,3354,Dusty Rose Light,#e4a6ac
3362,3362,Pine Green Dk,#5e6b47
3363,3363,Pine Green Md,#728256
3364,3364,Pine Green,#83975f
3371,3371,Black Brown,#1e1108
3607,3607,Plum Light,#c54989
3608,3608,Plum Very Light,#ea9cc4
3609,3609,Plum Ultra Light,#f4aed5
3685,3685,Mauve Very Dark,#881531
3687,3687,Mauve,#c96b70
3688,3688,Mauve Medium,#e7a9ac
3689,3689,Mauve Light,#fbbfc2
3705,3705,Melon Dark,#ff7992
3706,3706,Melon Medium,#ffadbc
3708,3708,Melon Light,#ffcbd5
3712,3712,Salmon Medium,#f18787
3713,3713,Salmon Very Light,#ffe2e2
3716,3716,Dusty Rose Med Vy Lt,#ffbdbd
3721,3721,Shell Pink Dark,#a14b51
3722,3722,Shell Pink Med,#bc6c64
3726,3726,Antique Mauve Dark,#9b5b66
3727,3727,Antique Mauve Light,#dba9b2
3731,3731,Dusty Rose Very Dark,#da6783
3733,3733,Dusty Rose,#e8879b
3740,3740,Antique Violet Dark,#785762
3743,3743,Antique Violet Vy Lt,#d7cbd3
3746,3746,Blue Violet Dark,#776b98
3747,3747,Blue Violet Vy Lt,#d3d7ed
3750,3750,Antique Blue Very Dk,#384c5e
3752,3752,Antique Blue Very Lt,#c7d1db
3753,3753,Antique Blue Ult Vy Lt,#dbe2e9
3755,3755,Baby Blue,#93b4ce
3756,3756,Baby Blue Ult Vy Lt,#eefcfc
3760,3760,Wedgewood Med,#3e85a2
3761,3761,Sky Blue Light,#acd8e2
3765,3765,Peacock Blue Vy Dk,#347f8c
3766,3766,Peacock Blue Light,#99cfd9
3768,3768,Gray Green Dark,#657f7f
3770,3770,Tawny Vy Light,#ffeee3
3771,3771,Terra Cotta Ult Vy Lt,#f4bba9
3772,3772,Desert Sand Vy Dk,#a06c50
3773,3773,Desert Sand Dark,#b67552
3774,3774,Desert Sand Vy Lt,#f3e1d7
3776,3776,Mahogany Light,#cf7939
3777,3777,Terra Cotta Vy Dk,#863022
3778,3778,Terra Cotta Light,#d98978
3779,3779,Rosewood Ult Vy Lt,#f8cac8
3781,3781,Mocha Brown Dk,#6b5743
3782,3782,Mocha Brown Lt,#d2bca6
3787,3787,Brown Gray Dark,#625d50
3790,3790,Beige Gray Ult Dk,#7f6a55
3799,3799,Pewter Gray Vy Dk,#424242
3801,3801,Melon Very Dark,#e74967
3802,3802,Antique Mauve Vy Dk,#714149
3803,3803,Mauve Dark,#ab3357
3804,3804,Cyclamen Pink Dark,#e02876
3805,3805,Cyclamen Pink,#f3478b
3806,3806,Cyclamen Pink Light,#ff8cae
3807,3807,Cornflower Blue,#60678c
3808,3808,Turquoise Ult Vy Dk,#366970
3809,3809,Turquoise Vy Dark,#3f7c85
3810,3810,Turquoise Dark,#488e9a
3811,3811,Turquoise Very Light,#bce3e6
3812,3812,Sea Green Vy Dk,#2f8c84
3813,3813,Blue Green Lt,#b2d4bd
3814,3814,Aquamarine,#508b7d
3815,3815,Celadon Green Dk,#477759
3816,3816,Celadon Green,#65a57d
3817,3817,Celadon Green Lt,#99c3aa
3818,3818,Emerald Grn Ult V Dk,#115a3b
3819,3819,Moss Green Lt,#e0e868
3820,3820,Straw Dark,#dfb65f
3821,3821,Straw,#f3ce75
3822,3822,Straw Light,#f6dc98
3823,3823,Yellow Ultra Pale,#fffde3
3824,3824,Apricot Light,#fecdc2
3825,3825,Pumpkin Pale,#fdbd96
3826,3826,Golden Brown,#ad7239
3827,3827,Golden Brown Pale,#f7bb77
3828,3828,Hazelnut Brown,#b78b61
3829,3829,Old Gold Vy Dark,#a98204
3830,3830,Terra Cotta,#b95544
3831,3831,Raspberry Dark,#b32f48
3832,3832,Raspberry Medium,#db556e
3833,3833,Raspberry Light,#ea8699
3834,3834,Grape Dark,#72375d
3835,3835,Grape Medium,#946083
3836,3836,Grape Light,#ba91aa
3837,3837,Lavender Ultra Dark,#6c3a6e
3838,3838,Lavender Blue Dark,#5c7294
3839,3839,Lavender Blue Med,#7b8eab
3840,3840,Lavender Blue Light,#b0c0da
3841,3841,Baby Blue Pale,#cddfed
3842,3842,Wedgewood Vry Dk,#32667c
3843,3843,Electric Blue,#14aad0
3844,3844,Turquoise Bright Dark,#12aeba
3845,3845,Turquoise Bright Med,#04c4ca
3846,3846,Turquoise Bright Light,#06e3e6
3847,3847,Teal Green Dark,#347d75
3848,3848,Teal Green Med,#559392
3849,3849,Teal Green Light,#52b3a4
3850,3850,Green Bright Dk,#378477
3851,3851,Green Bright Lt,#49b3a1
3852,3852,Straw Very Dark,#cd9d37
3853,3853,Autumn Gold Dk,#f29746
3854,3854,Autumn Gold Med,#f2af68
3855,3855,Autumn Gold Lt,#fad396
3856,3856,Mahogany Ult Vy Lt,#ffd3b5
3857,3857,Rosewood Dark,#68251a
3858,3858,Rosewood Med,#964a3f
3859,3859,Rosewood Light,#ba8b7c
3860,3860,Cocoa,#7d5d57
3861,3861,Cocoa Light,#a68881
3862,3862,Mocha Beige Dark,#8a6e4e
3863,3863,Mocha Beige Med,#a4835c
3864,3864,Mocha Beige Light,#cbb69c
3865,3865,Winter White,#f9f7f1
3866,3866,Mocha Brn Ult Vy Lt,#faf6f0
5200,B5200,Pearlescent White Light,#ffffff
5201,ECRU,Ecru,#f0eada
5202,BLANC,Blanc,#fcfbf8
